Date,Symbol,Side,EntryPrice,SLPrice,Qty,PnL,GapPct,OpenBias,ExitReason,Duration
2024-06-05,INFY,BUY,1427.90,1408.48,23,47.15,-0.11,LONG,EOD_AUTO_EXIT,300min
2024-06-06,BAJFINANCE,BUY,694.00,688.30,48,136.50,0.22,NEUTRAL,STAGE1_0.5R+STAGE2_1R+STOPLOSS,115min
2024-06-07,TCS,BUY,3889.90,3867.61,8,-10.80,0.03,LONG,EOD_AUTO_EXIT,335min
2024-06-07,INFY,BUY,1505.05,1494.99,22,223.05,0.54,LONG,STAGE1_0.5R+STAGE2_1R+STOPLOSS,45min
2024-06-13,TCS,BUY,3879.05,3864.62,8,-115.41,0.52,NEUTRAL,STOPLOSS,225min
2024-06-18,BAJFINANCE,BUY,740.50,737.67,45,-127.50,0.34,NEUTRAL,STOPLOSS,70min
2024-06-19,TCS,SELL,3806.60,3820.03,8,44.80,0.23,NEUTRAL,EOD_AUTO_EXIT,330min
2024-06-20,RELIANCE,BUY,1468.70,1459.64,23,251.10,0.03,NEUTRAL,STAGE1_0.5R+STAGE2_1R+STOPLOSS,230min
2024-06-24,TCS,BUY,3853.05,3833.96,8,-152.76,0.12,NEUTRAL,STOPLOSS,185min
2024-06-25,TCS,SELL,3802.25,3809.90,8,-61.16,0.05,NEUTRAL,STOPLOSS,15min
2024-07-02,INFY,BUY,1617.40,1607.05,21,118.35,0.58,NEUTRAL,STAGE1_0.5R+STAGE2_1R+STOPLOSS,205min
2024-07-04,TCS,BUY,4027.70,4012.94,8,48.00,0.80,NEUTRAL,STAGE1_0.5R+STAGE2_1R+STOPLOSS,70min
2024-07-04,RELIANCE,BUY,1566.70,1560.90,21,-121.90,0.16,LONG,STOPLOSS,20min
2024-07-05,RELIANCE,BUY,1573.00,1559.66,21,395.70,0.05,NEUTRAL,STAGE1_0.5R+STAGE2_1R+STAGE3_EOD,310min
2024-07-09,BAJFINANCE,SELL,709.00,711.00,47,50.00,0.14,NEUTRAL,STAGE1_0.5R+STAGE2_1R+STOPLOSS,85min
2024-07-09,RELIANCE,SELL,1588.80,1593.56,21,115.50,-0.20,NEUTRAL,STAGE1_0.5R+STAGE2_1R+STOPLOSS,150min
2024-07-10,BAJFINANCE,BUY,712.00,709.00,47,-141.00,0.21,LONG,STOPLOSS,15min
2024-07-15,BAJFINANCE,BUY,705.00,702.81,48,-105.06,0.14,NEUTRAL,STOPLOSS,80min
2024-07-23,RELIANCE,SELL,1489.05,1495.80,22,210.66,-0.09,NEUTRAL,STAGE1_0.5R+STAGE2_1R+STOPLOSS,125min
2024-07-26,INFY,BUY,1861.00,1851.86,18,216.12,-0.05,LONG,STAGE1_0.5R+STAGE2_1R+STOPLOSS,65min
2024-07-26,BAJFINANCE,BUY,674.00,670.74,50,-163.22,0.23,LONG,STOPLOSS,60min
2024-07-29,RELIANCE,BUY,1519.70,1515.95,22,-82.50,0.18,LONG,STOPLOSS,10min
2024-08-02,BAJFINANCE,SELL,669.00,671.84,50,-142.08,-0.66,NEUTRAL,STOPLOSS,35min
2024-08-02,RELIANCE,SELL,1500.80,1505.14,22,-95.37,-0.85,NEUTRAL,STOPLOSS,50min
2024-08-06,TCS,BUY,4243.15,4217.23,8,-207.34,0.26,LONG,STOPLOSS,25min
2024-08-06,INFY,BUY,1794.65,1782.59,18,-217.02,0.41,LONG,STOPLOSS,35min
2024-08-07,BAJFINANCE,BUY,664.00,662.18,51,44.00,0.84,NEUTRAL,STAGE1_0.5R+STAGE2_1R+STOPLOSS,30min
2024-08-12,BAJFINANCE,SELL,657.00,659.03,51,-103.59,-0.08,NEUTRAL,STOPLOSS,45min
2024-08-14,TCS,BUY,4278.55,4223.42,7,101.15,0.29,NEUTRAL,EOD_AUTO_EXIT,315min
2024-08-16,RELIANCE,BUY,1479.45,1474.45,22,-109.90,0.59,LONG,STOPLOSS,10min
2024-08-19,RELIANCE,BUY,1494.00,1489.26,22,-104.18,0.25,LONG,STOPLOSS,85min
2024-08-21,RELIANCE,BUY,1500.50,1495.95,22,44.55,-0.14,NEUTRAL,STAGE1_0.5R+STAGE2_1R+STOPLOSS,115min
2024-08-23,TCS,SELL,4478.50,4487.23,7,29.10,-0.04,NEUTRAL,STAGE1_0.5R+STAGE2_1R+STOPLOSS,30min
2024-08-26,TCS,BUY,4546.00,4522.00,7,-167.99,0.48,LONG,STOPLOSS,55min
2024-08-26,RELIANCE,BUY,1511.80,1507.66,22,103.97,0.57,NEUTRAL,STAGE1_0.5R+STAGE2_1R+STOPLOSS,70min
2024-08-27,INFY,BUY,1890.40,1883.99,17,49.70,-0.10,LONG,STAGE1_0.5R+STAGE2_1R+STOPLOSS,50min
2024-08-27,RELIANCE,SELL,1504.80,1508.12,22,33.75,-0.01,NEUTRAL,STAGE1_0.5R+STAGE2_1R+STOPLOSS,260min
2024-08-28,INFY,BUY,1918.40,1908.99,17,345.80,0.47,NEUTRAL,STAGE1_0.5R+STAGE2_1R+STAGE3_2R,70min
2024-08-29,BAJFINANCE,BUY,693.50,690.70,49,325.50,-0.14,NEUTRAL,STAGE1_0.5R+STAGE2_1R+STAGE3_2R,20min
2024-09-02,TCS,SELL,4557.85,4568.59,7,83.66,0.29,NEUTRAL,STAGE1_0.5R+STAGE2_1R+STOPLOSS,80min
2024-09-02,BAJFINANCE,BUY,732.00,726.50,46,361.24,0.90,NEUTRAL,STAGE1_0.5R+STAGE2_1R+STOPLOSS,95min
2024-09-06,RELIANCE,SELL,1477.20,1484.78,23,216.42,-0.20,NEUTRAL,STAGE1_0.5R+STAGE2_1R+STOPLOSS,100min
2024-09-09,BAJFINANCE,SELL,729.00,733.34,46,-199.71,0.14,NEUTRAL,STOPLOSS,35min
2024-09-17,INFY,BUY,1951.30,1948.23,17,-52.25,0.09,NEUTRAL,STOPLOSS,5min
2024-09-17,BAJFINANCE,BUY,741.50,736.09,45,-243.39,0.00,NEUTRAL,STOPLOSS,45min
2024-09-18,BAJFINANCE,BUY,754.00,749.53,45,301.00,0.41,LONG,STAGE1_0.5R+STAGE2_1R+STOPLOSS,150min
2024-09-18,RELIANCE,BUY,1479.15,1474.90,22,-93.50,-0.17,LONG,STOPLOSS,135min
2024-09-20,TCS,SELL,4276.20,4292.15,7,-111.65,0.23,NEUTRAL,STOPLOSS,35min
2024-09-20,RELIANCE,BUY,1481.90,1477.01,22,-107.63,0.27,NEUTRAL,STOPLOSS,20min
2024-09-23,RELIANCE,BUY,1499.50,1495.07,22,-97.39,0.40,LONG,STOPLOSS,110min
2024-09-26,INFY,BUY,1914.50,1907.98,17,-110.92,-0.12,LONG,STOPLOSS,70min
2024-09-26,RELIANCE,BUY,1497.20,1493.27,22,40.05,-0.22,NEUTRAL,STAGE1_0.5R+STAGE2_1R+STOPLOSS,165min
2024-09-30,RELIANCE,SELL,1500.30,1509.56,22,280.31,-0.27,NEUTRAL,STAGE1_0.5R+STAGE2_1R+STOPLOSS,220min
2024-10-01,INFY,BUY,1904.35,1893.88,17,-177.92,-0.14,LONG,STOPLOSS,35min
2024-10-04,INFY,BUY,1910.00,1898.34,17,439.10,0.03,LONG,STAGE1_0.5R+STAGE2_1R+STAGE3_2R,90min
2024-10-07,TCS,BUY,4283.15,4276.91,7,-43.70,0.52,NEUTRAL,STOPLOSS,5min
2024-10-07,INFY,BUY,1938.70,1933.04,17,-96.30,0.11,LONG,STOPLOSS,5min
2024-10-08,BAJFINANCE,SELL,721.00,724.74,47,-175.71,0.07,NEUTRAL,STOPLOSS,30min
2024-10-09,INFY,BUY,1962.85,1955.50,17,133.74,0.34,NEUTRAL,STAGE1_0.5R+STAGE2_1R+STOPLOSS,130min
2024-10-09,BAJFINANCE,BUY,736.00,730.13,46,120.00,0.00,LONG,STAGE1_0.5R+STAGE2_1R+STOPLOSS,110min
2024-10-16,BAJFINANCE,SELL,696.50,700.42,48,94.50,-0.28,NEUTRAL,STAGE1_0.5R+STAGE2_1R+STOPLOSS,270min
2024-10-17,INFY,BUY,1954.70,1941.60,17,-222.70,0.89,NEUTRAL,STOPLOSS,50min
2024-10-21,BAJFINANCE,SELL,681.00,685.01,49,298.20,0.00,NEUTRAL,STAGE1_0.5R+STAGE2_1R+STOPLOSS,70min
2024-10-24,BAJFINANCE,BUY,710.00,702.96,47,-331.08,0.07,NEUTRAL,STOPLOSS,50min
2024-10-25,TCS,BUY,4084.45,4070.05,8,-115.24,0.17,NEUTRAL,STOPLOSS,50min
2024-10-30,TCS,BUY,4101.80,4090.74,8,-88.48,-0.12,LONG,STOPLOSS,30min
2024-11-04,TCS,SELL,3948.25,3955.89,8,62.55,-0.42,NEUTRAL,STAGE1_0.5R+STAGE2_1R+STOPLOSS,20min
2024-11-06,INFY,BUY,1794.05,1777.49,18,386.24,0.63,LONG,STAGE1_0.5R+STAGE2_1R+STOPLOSS,200min
2024-11-07,BAJFINANCE,SELL,690.00,694.71,49,0.00,0.21,NEUTRAL,EOD_AUTO_EXIT,325min
2024-11-08,INFY,BUY,1837.70,1829.12,18,-154.38,0.84,LONG,STOPLOSS,200min
2024-11-11,TCS,BUY,4185.15,4161.95,8,270.51,-0.18,LONG,STAGE1_0.5R+STAGE2_1R+STOPLOSS,130min
2024-11-11,BAJFINANCE,BUY,690.00,685.64,49,-213.79,-0.22,NEUTRAL,STOPLOSS,25min
2024-11-13,BAJFINANCE,BUY,669.50,664.51,50,-249.59,-0.08,NEUTRAL,STOPLOSS,40min
2024-11-22,TCS,BUY,4126.00,4089.87,8,648.00,0.07,NEUTRAL,STAGE1_0.5R+STAGE2_1R+STAGE3_2R,255min
2024-11-22,BAJFINANCE,BUY,655.00,651.47,51,255.58,0.15,LONG,STAGE1_0.5R+STAGE2_1R+STOPLOSS,170min
2024-11-29,RELIANCE,BUY,1289.05,1280.99,26,123.80,0.57,NEUTRAL,STAGE1_0.5R+STAGE2_1R+STAGE3_EOD,290min
2024-12-04,TCS,BUY,4352.65,4328.64,7,62.50,0.20,NEUTRAL,STAGE1_0.5R+STAGE2_1R+STOPLOSS,140min
2024-12-04,BAJFINANCE,BUY,674.00,671.20,50,-139.82,0.60,NEUTRAL,STOPLOSS,10min
2024-12-10,INFY,BUY,1952.40,1942.26,17,-172.33,0.63,NEUTRAL,STOPLOSS,215min
2024-12-10,BAJFINANCE,BUY,694.50,692.00,48,-120.15,0.07,LONG,STOPLOSS,35min
2024-12-11,INFY,BUY,1965.80,1960.90,17,145.71,0.41,LONG,STAGE1_0.5R+STAGE2_1R+STOPLOSS,290min
2024-12-13,INFY,SELL,1963.55,1970.75,17,56.00,-0.77,NEUTRAL,STAGE1_0.5R+STAGE2_1R+STOPLOSS,55min
2024-12-13,RELIANCE,SELL,1243.15,1248.41,27,-141.94,-0.16,NEUTRAL,STOPLOSS,45min
2024-12-16,BAJFINANCE,BUY,722.00,718.50,47,-94.00,-0.07,NEUTRAL,EOD_AUTO_EXIT,345min
2024-12-17,TCS,SELL,4370.00,4399.27,7,256.40,-0.14,NEUTRAL,STAGE1_0.5R+STAGE2_1R+STOPLOSS,185min
2024-12-17,BAJFINANCE,SELL,712.00,717.96,47,-280.04,0.00,NEUTRAL,STOPLOSS,35min
2024-12-20,BAJFINANCE,BUY,697.00,693.00,48,84.00,-0.07,NEUTRAL,STAGE1_0.5R+STAGE2_1R+STOPLOSS,15min
2024-12-24,TCS,BUY,4206.05,4188.85,8,-137.58,0.03,LONG,STOPLOSS,100min
2024-12-26,TCS,SELL,4151.85,4172.14,8,-162.33,-0.06,NEUTRAL,STOPLOSS,100min
2024-12-26,RELIANCE,SELL,1220.40,1223.66,27,-87.94,0.00,NEUTRAL,STOPLOSS,90min
2024-12-27,RELIANCE,BUY,1222.45,1220.67,27,67.90,0.11,NEUTRAL,STAGE1_0.5R+STAGE2_1R+STOPLOSS,60min
2025-01-01,SBILIFE,SELL,1386.70,1391.45,24,-113.96,0.00,NEUTRAL,STOPLOSS,25min
2025-01-01,BAJFINANCE,BUY,685.50,683.58,49,192.50,-0.22,LONG,STAGE1_0.5R+STAGE2_1R+STAGE3_2R,40min
2025-01-06,TCS,BUY,4146.15,4125.55,8,-164.80,0.21,LONG,STOPLOSS,10min
2025-01-09,TCS,BUY,4133.75,4114.95,8,-150.41,0.14,NEUTRAL,STOPLOSS,25min
2025-01-09,NESTLEIND,BUY,1113.20,1108.00,30,372.60,-0.02,NEUTRAL,STAGE1_0.5R+STAGE2_1R+STAGE3_2R,20min
2025-01-10,COALINDIA,SELL,357.65,359.21,95,69.30,-0.43,NEUTRAL,STAGE1_0.5R+STAGE2_1R+STOPLOSS,35min
2025-01-13,BAJAJ-AUTO,SELL,8391.00,8437.66,4,-186.64,-0.80,NEUTRAL,STOPLOSS,5min
2025-01-14,APOLLOHOSP,SELL,6804.40,6826.78,4,292.20,0.04,NEUTRAL,STAGE1_0.5R+STAGE2_1R+STAGE3_2R,15min
2025-01-15,COALINDIA,BUY,367.90,365.57,92,114.80,0.51,NEUTRAL,STAGE1_0.5R+STAGE2_1R+STOPLOSS,120min
2025-01-16,INDUSINDBK,BUY,984.35,977.45,34,-234.60,0.47,LONG,STOPLOSS,295min
2025-01-16,NESTLEIND,SELL,1084.50,1088.80,31,71.50,-0.22,NEUTRAL,STAGE1_0.5R+STAGE2_1R+STOPLOSS,65min
2025-01-17,NESTLEIND,BUY,1096.00,1091.24,31,345.60,0.30,NEUTRAL,STAGE1_0.5R+STAGE2_1R+STAGE3_2R,165min
2025-01-17,BAJAJ-AUTO,BUY,8396.50,8372.49,4,89.00,-0.27,NEUTRAL,STAGE1_0.5R+STAGE2_1R+STOPLOSS,70min
2025-01-20,BAJFINANCE,BUY,729.00,722.91,46,602.00,0.07,LONG,STAGE1_0.5R+STAGE2_1R+STAGE3_2R,105min
2025-01-21,INDUSINDBK,SELL,958.45,969.10,35,-372.82,0.16,NEUTRAL,STOPLOSS,85min
2025-01-21,APOLLOHOSP,BUY,6995.75,6965.60,4,-120.61,1.05,LONG,STOPLOSS,15min
2025-01-22,SBILIFE,SELL,1452.30,1462.10,23,-225.40,-0.06,NEUTRAL,STOPLOSS,10min
2025-01-22,COALINDIA,SELL,366.50,368.85,92,-216.20,-0.03,NEUTRAL,STOPLOSS,15min
2025-01-23,INFY,BUY,1878.60,1868.85,18,-175.50,0.11,NEUTRAL,STOPLOSS,10min
2025-01-28,NESTLEIND,SELL,1078.90,1083.46,31,71.50,0.22,NEUTRAL,STAGE1_0.5R+STAGE2_1R+STOPLOSS,50min
2025-01-29,SBILIFE,BUY,1442.95,1428.99,23,426.65,0.07,NEUTRAL,STAGE1_0.5R+STAGE2_1R+STAGE3_EOD,300min
2025-01-30,TCS,BUY,4128.30,4103.71,8,-196.71,0.46,NEUTRAL,STOPLOSS,45min
2025-01-30,RELIANCE,BUY,1240.10,1236.56,27,221.50,0.42,NEUTRAL,STAGE1_0.5R+STAGE2_1R+STAGE3_2R,110min
2025-02-04,BAJFINANCE,SELL,833.50,841.14,40,-305.71,0.18,NEUTRAL,STOPLOSS,190min
2025-02-04,APOLLOHOSP,SELL,6714.60,6750.81,5,-181.05,-0.10,NEUTRAL,STOPLOSS,60min
2025-02-05,COALINDIA,BUY,373.60,371.87,91,-122.85,0.26,LONG,EOD_AUTO_EXIT,310min
2025-02-06,COALINDIA,SELL,370.00,371.49,91,76.00,0.12,NEUTRAL,STAGE1_0.5R+STAGE2_1R+STOPLOSS,150min
2025-02-10,BAJAJ-AUTO,SELL,8723.00,8795.00,3,222.00,-0.07,NEUTRAL,STAGE1_0.5R+STAGE2_1R+STAGE3_EOD,315min
2025-02-10,COALINDIA,SELL,363.10,365.22,93,225.64,-0.46,NEUTRAL,STAGE1_0.5R+STAGE2_1R+STOPLOSS,175min
2025-02-12,RELIANCE,SELL,1195.00,1211.42,28,-459.82,-1.46,NEUTRAL,STOPLOSS,60min
2025-02-13,SBILIFE,BUY,1463.00,1453.90,23,256.04,0.29,NEUTRAL,STAGE1_0.5R+STAGE2_1R+STOPLOSS,215min
2025-02-13,BAJFINANCE,BUY,831.50,826.00,40,347.96,-0.06,LONG,STAGE1_0.5R+STAGE2_1R+STOPLOSS,55min
2025-02-14,NESTLEIND,BUY,1105.10,1095.75,30,-280.45,0.22,NEUTRAL,STOPLOSS,90min
2025-02-14,SBILIFE,SELL,1463.65,1470.18,23,164.62,0.20,NEUTRAL,STAGE1_0.5R+STAGE2_1R+STOPLOSS,80min
2025-02-17,SBILIFE,BUY,1478.95,1469.55,22,-105.60,-0.14,NEUTRAL,EOD_AUTO_EXIT,305min
2025-02-18,INFY,BUY,1858.70,1852.74,18,-107.22,-0.04,NEUTRAL,STOPLOSS,30min
2025-02-18,BAJAJ-AUTO,SELL,8251.00,8288.50,4,174.48,-0.20,NEUTRAL,STAGE1_0.5R+STAGE2_1R+STOPLOSS,155min
2025-02-19,BAJAJ-AUTO,BUY,8277.50,8247.68,4,-119.26,-0.07,NEUTRAL,STOPLOSS,60min
2025-02-20,NESTLEIND,SELL,1096.80,1099.47,30,-80.08,0.12,NEUTRAL,STOPLOSS,55min
2025-02-21,APOLLOHOSP,SELL,6312.00,6351.50,5,-197.52,-0.50,NEUTRAL,STOPLOSS,115min
2025-02-24,BAJAJ-AUTO,SELL,8158.00,8213.50,4,-222.00,-0.59,NEUTRAL,STOPLOSS,75min
2025-02-25,NESTLEIND,BUY,1122.60,1118.20,30,59.80,-0.12,NEUTRAL,STAGE1_0.5R+STAGE2_1R+STOPLOSS,150min
2025-02-25,COALINDIA,SELL,350.45,351.76,97,-126.87,-0.11,NEUTRAL,STOPLOSS,45min
2025-02-28,TCS,SELL,3501.55,3536.36,9,112.65,-0.64,NEUTRAL,STAGE1_0.5R+STAGE2_1R+STOPLOSS,130min
2025-02-28,NESTLEIND,SELL,1125.40,1132.00,30,374.10,-0.75,NEUTRAL,STAGE1_0.5R+STAGE2_1R+STAGE3_2R,225min
2025-03-03,NESTLEIND,SELL,1086.70,1091.84,31,237.85,-0.37,NEUTRAL,STAGE1_0.5R+STAGE2_1R+STOPLOSS,105min
2025-03-03,BAJAJ-AUTO,SELL,7625.00,7688.09,4,340.64,0.25,NEUTRAL,STAGE1_0.5R+STAGE2_1R+STOPLOSS,135min
2025-03-05,INFY,BUY,1718.00,1710.85,19,-135.83,0.44,LONG,STOPLOSS,20min
2025-03-06,COALINDIA,BUY,364.80,362.40,93,476.05,0.49,NEUTRAL,STAGE1_0.5R+STAGE2_1R+STAGE3_2R,140min
2025-03-07,INDUSINDBK,SELL,962.10,968.05,35,444.00,0.15,NEUTRAL,STAGE1_0.5R+STAGE2_1R+STAGE3_2R,15min
2025-03-07,NESTLEIND,BUY,1107.30,1102.31,30,249.56,-0.05,NEUTRAL,STAGE1_0.5R+STAGE2_1R+STOPLOSS,85min
2025-03-10,RELIANCE,BUY,1255.90,1250.55,27,-144.45,-0.10,LONG,STOPLOSS,50min
2025-03-17,BAJFINANCE,BUY,862.00,856.05,39,-231.90,-0.18,LONG,STOPLOSS,30min
2025-03-18,TCS,BUY,3523.00,3506.35,9,163.10,0.07,NEUTRAL,STAGE1_0.5R+STAGE2_1R+STOPLOSS,60min
2025-03-18,NESTLEIND,BUY,1095.60,1091.70,31,146.37,0.32,NEUTRAL,STAGE1_0.5R+STAGE2_1R+STOPLOSS,50min
2025-03-19,NESTLEIND,SELL,1098.80,1100.63,30,33.80,0.29,NEUTRAL,STAGE1_0.5R+STAGE2_1R+STOPLOSS,25min
2025-03-19,SBILIFE,BUY,1469.20,1463.61,23,198.37,0.01,NEUTRAL,STAGE1_0.5R+STAGE2_1R+STOPLOSS,150min
2025-03-20,RELIANCE,BUY,1260.00,1255.84,26,-108.29,0.31,NEUTRAL,STOPLOSS,5min
2025-03-20,BAJAJ-AUTO,BUY,7626.50,7590.39,4,-144.42,0.31,LONG,STOPLOSS,5min
2025-03-21,SBILIFE,BUY,1509.20,1502.25,22,294.30,-0.04,NEUTRAL,STAGE1_0.5R+STAGE2_1R+STAGE3_2R,75min
2025-03-21,APOLLOHOSP,BUY,6529.25,6503.24,5,156.12,0.32,NEUTRAL,STAGE1_0.5R+STAGE2_1R+STOPLOSS,50min
2025-03-25,NESTLEIND,BUY,1139.90,1132.34,29,-219.36,-0.14,NEUTRAL,STOPLOSS,15min
2025-03-26,NESTLEIND,BUY,1133.00,1130.50,30,-75.00,0.21,NEUTRAL,STOPLOSS,5min
2025-03-27,NESTLEIND,BUY,1132.00,1125.07,30,-207.95,-0.06,NEUTRAL,STOPLOSS,240min
2025-03-27,BAJFINANCE,BUY,891.00,888.14,38,256.00,-0.11,NEUTRAL,STAGE1_0.5R+STAGE2_1R+STAGE3_2R,55min
2025-03-28,NESTLEIND,BUY,1142.00,1135.37,29,-192.23,-0.09,LONG,STOPLOSS,50min
2025-03-28,BAJAJ-AUTO,BUY,7807.00,7766.00,4,-164.00,0.14,NEUTRAL,STOPLOSS,10min
2025-04-01,INFY,SELL,1521.40,1536.37,22,-193.60,-1.90,NEUTRAL,EOD_AUTO_EXIT,300min
2025-04-01,NESTLEIND,BUY,1142.60,1135.51,29,-205.64,0.67,NEUTRAL,STOPLOSS,30min
2025-04-04,INDUSINDBK,SELL,684.40,692.62,49,19.60,-1.07,NEUTRAL,EOD_AUTO_EXIT,310min
2025-04-04,TCS,SELL,3321.75,3347.26,10,217.50,-1.20,NEUTRAL,EOD_AUTO_EXIT,295min
2025-04-08,NESTLEIND,SELL,1120.80,1124.84,30,-121.24,0.00,NEUTRAL,STOPLOSS,15min
2025-04-09,INDUSINDBK,SELL,673.60,678.35,50,-237.50,-0.93,NEUTRAL,STOPLOSS,80min
2025-04-09,NESTLEIND,BUY,1158.50,1151.67,29,434.50,0.18,NEUTRAL,STAGE1_0.5R+STAGE2_1R+STAGE3_2R,70min
2025-04-15,INDUSINDBK,BUY,714.00,704.15,47,888.20,1.69,NEUTRAL,STAGE1_0.5R+STAGE2_1R+STAGE3_2R,120min
2025-04-21,INDUSINDBK,BUY,814.60,806.89,41,672.85,1.17,NEUTRAL,STAGE1_0.5R+STAGE2_1R+STAGE3_2R,55min
2025-04-21,RELIANCE,BUY,1285.10,1277.99,26,239.42,-0.18,NEUTRAL,STAGE1_0.5R+STAGE2_1R+STOPLOSS,120min
2025-04-24,NESTLEIND,BUY,1241.50,1230.89,27,138.60,0.00,NEUTRAL,STAGE1_0.5R+STAGE2_1R+STOPLOSS,35min
2025-04-25,BAJFINANCE,SELL,916.00,925.14,37,377.64,0.22,NEUTRAL,STAGE1_0.5R+STAGE2_1R+STOPLOSS,35min
2025-04-25,BAJAJ-AUTO,SELL,7954.00,8007.91,4,460.00,0.12,NEUTRAL,STAGE1_0.5R+STAGE2_1R+STAGE3_2R,50min
2025-04-30,SBILIFE,BUY,1742.00,1732.72,19,239.24,-0.14,LONG,STAGE1_0.5R+STAGE2_1R+STOPLOSS,205min
2025-05-02,NESTLEIND,SELL,1172.40,1179.31,29,161.40,-0.42,NEUTRAL,STAGE1_0.5R+STAGE2_1R+STAGE3_EOD,290min
2025-05-02,COALINDIA,BUY,379.40,376.46,89,-261.46,0.37,NEUTRAL,STOPLOSS,70min
2025-05-05,TCS,BUY,3502.50,3481.76,9,-186.65,0.35,LONG,STOPLOSS,15min
2025-05-06,INDUSINDBK,SELL,831.80,843.76,40,-8.00,-0.15,NEUTRAL,EOD_AUTO_EXIT,305min
2025-05-06,NESTLEIND,BUY,1173.30,1170.76,28,139.60,0.15,NEUTRAL,STAGE1_0.5R+STAGE2_1R+STAGE3_2R,25min
2025-05-08,BAJAJ-AUTO,SELL,7600.50,7625.40,4,-99.58,0.10,NEUTRAL,STOPLOSS,20min
2025-05-12,TCS,BUY,3543.00,3520.03,9,474.00,1.89,LONG,STAGE1_0.5R+STAGE2_1R+STAGE3_2R,195min
2025-05-12,APOLLOHOSP,BUY,6842.50,6805.08,4,224.56,1.04,NEUTRAL,STAGE1_0.5R+STAGE2_1R+STOPLOSS,80min
2025-05-13,COALINDIA,BUY,388.85,387.52,87,-115.39,0.03,LONG,STOPLOSS,10min
2025-05-14,BAJAJ-AUTO,BUY,7970.00,7919.76,4,-200.96,0.29,NEUTRAL,STOPLOSS,35min
2025-05-14,COALINDIA,BUY,391.60,389.17,86,-208.71,0.22,LONG,STOPLOSS,190min
2025-05-19,NESTLEIND,BUY,1209.40,1204.35,28,-141.44,-0.17,NEUTRAL,STOPLOSS,30min
2025-05-19,APOLLOHOSP,BUY,7050.00,7026.19,4,-95.23,-0.11,LONG,STOPLOSS,20min
2025-05-20,INDUSINDBK,BUY,793.85,786.86,42,-293.60,0.33,NEUTRAL,STOPLOSS,135min
2025-05-20,COALINDIA,BUY,399.50,396.05,85,370.95,0.62,NEUTRAL,STAGE1_0.5R+STAGE2_1R+STOPLOSS,100min
2025-05-21,NESTLEIND,BUY,1192.00,1189.70,28,-64.40,-0.07,LONG,STOPLOSS,40min
2025-05-21,SBILIFE,BUY,1763.20,1760.23,19,-56.36,0.01,NEUTRAL,STOPLOSS,5min
2025-05-22,RELIANCE,SELL,1408.40,1414.38,24,157.26,-0.49,NEUTRAL,STAGE1_0.5R+STAGE2_1R+STOPLOSS,295min
2025-05-23,INFY,BUY,1573.00,1567.16,21,139.10,-0.06,LONG,STAGE1_0.5R+STAGE2_1R+STOPLOSS,50min
2025-05-23,NESTLEIND,BUY,1193.90,1188.95,28,223.89,-0.08,LONG,STAGE1_0.5R+STAGE2_1R+STOPLOSS,90min
2025-05-26,TCS,BUY,3542.90,3533.63,9,-83.42,0.37,NEUTRAL,STOPLOSS,15min
2025-05-26,INFY,BUY,1579.40,1573.41,21,54.60,0.03,NEUTRAL,EOD_AUTO_EXIT,340min
2025-05-27,INDUSINDBK,BUY,812.00,804.13,41,432.84,-0.27,LONG,STAGE1_0.5R+STAGE2_1R+STOPLOSS,205min
2025-05-28,COALINDIA,SELL,387.45,388.81,87,-47.85,0.28,NEUTRAL,EOD_AUTO_EXIT,295min
2025-05-29,INDUSINDBK,BUY,813.20,808.71,41,191.72,0.03,NEUTRAL,STAGE1_0.5R+STAGE2_1R+STOPLOSS,190min
2025-05-30,INDUSINDBK,SELL,813.05,816.88,41,-156.90,-0.47,NEUTRAL,STOPLOSS,45min
2025-06-04,BAJAJ-AUTO,BUY,8423.50,8381.59,4,-167.63,-0.22,NEUTRAL,STOPLOSS,45min
2025-06-04,COALINDIA,SELL,379.70,380.90,89,-106.80,0.14,NEUTRAL,STOPLOSS,10min
2025-06-05,INDUSINDBK,SELL,807.55,813.21,42,224.40,0.22,NEUTRAL,STAGE1_0.5R+STAGE2_1R+STAGE3_EOD,300min
2025-06-05,APOLLOHOSP,BUY,6902.50,6881.17,4,-85.32,0.12,NEUTRAL,STOPLOSS,115min
2025-06-06,BAJFINANCE,BUY,899.00,889.00,37,826.00,0.17,NEUTRAL,STAGE1_0.5R+STAGE2_1R+STAGE3_2R,35min
2025-06-06,RELIANCE,BUY,1446.50,1437.80,23,-80.50,-0.12,NEUTRAL,EOD_AUTO_EXIT,320min
2025-06-09,COALINDIA,BUY,394.00,391.84,86,-186.11,0.53,LONG,STOPLOSS,230min
2025-06-10,BAJAJ-AUTO,SELL,8390.00,8414.10,4,-96.40,-0.04,NEUTRAL,STOPLOSS,125min
2025-06-11,RELIANCE,BUY,1466.60,1456.16,23,-240.04,0.59,LONG,STOPLOSS,45min
2025-06-12,BAJFINANCE,BUY,952.00,947.48,35,-158.23,0.27,NEUTRAL,STOPLOSS,30min
2025-06-12,APOLLOHOSP,BUY,6999.50,6975.52,4,78.00,0.81,LONG,STAGE1_0.5R+STAGE2_1R+STOPLOSS,70min
2025-06-13,NESTLEIND,SELL,1176.30,1179.90,28,-100.80,-0.76,NEUTRAL,STOPLOSS,30min
2025-06-16,TCS,BUY,3482.00,3465.69,9,185.88,-0.21,NEUTRAL,STAGE1_0.5R+STAGE2_1R+STOPLOSS,190min
2025-06-16,NESTLEIND,BUY,1193.00,1188.80,28,14.00,-0.26,NEUTRAL,EOD_AUTO_EXIT,315min
2025-06-18,BAJAJ-AUTO,BUY,8385.50,8332.14,4,-213.45,0.06,NEUTRAL,STOPLOSS,120min
2025-06-20,SBILIFE,BUY,1807.70,1796.55,18,80.50,-0.16,NEUTRAL,STAGE1_0.5R+STAGE2_1R+STOPLOSS,145min
2025-06-20,BAJFINANCE,SELL,891.00,892.57,38,-59.58,-0.06,NEUTRAL,STOPLOSS,5min
2025-06-25,INFY,BUY,1600.30,1593.08,21,305.40,0.66,NEUTRAL,STAGE1_0.5R+STAGE2_1R+STAGE3_2R,210min
2025-06-25,NESTLEIND,BUY,1204.50,1197.38,28,104.40,-0.08,LONG,STAGE1_0.5R+STAGE2_1R+STOPLOSS,105min
2025-06-26,RELIANCE,BUY,1481.00,1473.95,22,231.72,0.10,NEUTRAL,STAGE1_0.5R+STAGE2_1R+STOPLOSS,250min
2025-06-27,SBILIFE,SELL,1827.60,1837.45,18,78.40,-0.65,NEUTRAL,STAGE1_0.5R+STAGE2_1R+STOPLOSS,50min
2025-06-30,RELIANCE,BUY,1523.90,1516.68,22,-158.83,-0.01,NEUTRAL,STOPLOSS,15min
2025-07-01,TCS,BUY,3478.60,3469.17,9,-84.83,-0.14,LONG,STOPLOSS,5min
2025-07-01,SBILIFE,BUY,1850.20,1836.00,18,-255.60,-0.16,NEUTRAL,STOPLOSS,60min
2025-07-02,COALINDIA,SELL,377.95,379.09,89,129.70,0.13,NEUTRAL,STAGE1_0.5R+STAGE2_1R+STOPLOSS,75min
2025-07-03,SBILIFE,SELL,1836.80,1843.52,18,240.10,-0.17,NEUTRAL,STAGE1_0.5R+STAGE2_1R+STAGE3_2R,105min
2025-07-04,BAJAJ-AUTO,BUY,8423.00,8392.26,4,-122.94,-0.13,NEUTRAL,STOPLOSS,185min
2025-07-07,NESTLEIND,BUY,1204.40,1199.60,28,-134.40,0.31,NEUTRAL,STOPLOSS,15min
2025-07-09,INDUSINDBK,SELL,849.60,851.80,40,-88.00,-0.01,NEUTRAL,STOPLOSS,20min
2025-07-09,NESTLEIND,BUY,1214.50,1212.25,27,-60.69,0.04,NEUTRAL,STOPLOSS,50min
2025-07-10,INDUSINDBK,BUY,846.90,843.95,40,-118.00,0.36,NEUTRAL,STOPLOSS,70min
2025-07-10,COALINDIA,SELL,374.85,376.48,90,68.00,0.01,NEUTRAL,STAGE1_0.5R+STAGE2_1R+STOPLOSS,160min
2025-07-11,SBILIFE,BUY,1833.80,1826.18,18,-137.11,0.22,LONG,STOPLOSS,70min
2025-07-11,RELIANCE,SELL,1499.80,1505.84,22,143.50,-0.45,NEUTRAL,STAGE1_0.5R+STAGE2_1R+STOPLOSS,95min
2025-07-14,INDUSINDBK,BUY,871.05,866.79,39,-166.29,0.06,LONG,STOPLOSS,65min
2025-07-14,NESTLEIND,SELL,1192.40,1196.57,28,-116.74,0.05,NEUTRAL,STOPLOSS,170min
2025-07-15,INDUSINDBK,BUY,884.95,878.03,38,-263.09,0.58,LONG,STOPLOSS,45min
2025-07-16,NESTLEIND,BUY,1219.50,1213.86,27,291.50,-0.17,NEUTRAL,STAGE1_0.5R+STAGE2_1R+STAGE3_2R,45min
2025-07-17,RELIANCE,SELL,1480.10,1484.06,22,-87.17,0.08,NEUTRAL,STOPLOSS,85min
2025-07-18,SBILIFE,SELL,1785.30,1790.90,19,250.40,-0.11,NEUTRAL,STAGE1_0.5R+STAGE2_1R+STAGE3_2R,15min
2025-07-18,BAJFINANCE,BUY,930.65,922.10,36,427.20,0.00,LONG,STAGE1_0.5R+STAGE2_1R+STAGE3_EOD,330min
2025-07-21,BAJFINANCE,BUY,948.75,943.57,35,-181.25,-0.28,LONG,STOPLOSS,90min
2025-07-22,NESTLEIND,SELL,1228.70,1232.23,27,-95.27,0.03,NEUTRAL,STOPLOSS,10min
2025-07-23,SBILIFE,SELL,1799.10,1803.89,18,35.70,0.00,NEUTRAL,STAGE1_0.5R+STAGE2_1R+STOPLOSS,70min
2025-07-23,APOLLOHOSP,BUY,7276.00,7261.87,4,122.00,0.05,NEUTRAL,STAGE1_0.5R+STAGE2_1R+STAGE3_2R,25min
2025-07-24,APOLLOHOSP,BUY,7454.50,7425.19,4,-117.24,-0.22,LONG,STOPLOSS,60min
2025-07-24,BAJAJ-AUTO,SELL,8366.00,8394.50,4,-114.00,0.18,NEUTRAL,STOPLOSS,15min
2025-07-25,APOLLOHOSP,BUY,7429.50,7403.03,4,-105.90,-0.01,NEUTRAL,STOPLOSS,20min
2025-07-28,SBILIFE,BUY,1849.80,1840.03,18,-36.00,-0.23,NEUTRAL,EOD_AUTO_EXIT,355min
2025-07-29,APOLLOHOSP,BUY,7404.50,7391.48,4,31.00,0.05,NEUTRAL,STAGE1_0.5R+STAGE2_1R+STOPLOSS,50min
2025-07-30,RELIANCE,SELL,1404.60,1413.69,24,-218.11,0.11,NEUTRAL,STOPLOSS,55min
2025-07-31,INDUSINDBK,SELL,790.30,796.13,43,-250.89,-0.76,NEUTRAL,STOPLOSS,30min
2025-08-01,RELIANCE,BUY,1394.60,1391.70,24,-69.66,-0.29,NEUTRAL,STOPLOSS,10min
2025-08-06,APOLLOHOSP,SELL,7240.50,7264.50,4,115.08,0.14,NEUTRAL,STAGE1_0.5R+STAGE2_1R+STOPLOSS,85min
2025-08-07,INDUSINDBK,SELL,798.05,802.98,42,246.23,-0.04,NEUTRAL,STAGE1_0.5R+STAGE2_1R+STOPLOSS,215min
2025-08-07,RELIANCE,SELL,1380.10,1384.88,24,283.40,-0.37,NEUTRAL,STAGE1_0.5R+STAGE2_1R+STAGE3_2R,175min
2025-08-08,INDUSINDBK,SELL,800.00,804.81,42,239.57,-0.25,NEUTRAL,STAGE1_0.5R+STAGE2_1R+STOPLOSS,160min
2025-08-08,APOLLOHOSP,SELL,7139.50,7153.75,4,67.08,-0.26,NEUTRAL,STAGE1_0.5R+STAGE2_1R+STOPLOSS,70min
2025-08-11,BAJAJ-AUTO,SELL,8181.00,8217.19,4,77.00,0.21,NEUTRAL,STAGE1_0.5R+STAGE2_1R+STOPLOSS,140min
2025-08-12,SBILIFE,BUY,1861.10,1856.79,18,-77.52,0.01,NEUTRAL,STOPLOSS,20min
2025-08-12,BAJFINANCE,SELL,861.90,872.53,39,347.10,-0.06,NEUTRAL,EOD_AUTO_EXIT,295min
2025-08-14,INFY,BUY,1457.50,1447.16,23,95.40,-0.01,LONG,STAGE1_0.5R+STAGE2_1R+STOPLOSS,75min
2025-08-14,NESTLEIND,SELL,1096.00,1098.13,31,-65.99,0.19,NEUTRAL,STOPLOSS,25min
2025-08-18,NESTLEIND,BUY,1157.60,1137.96,29,-324.80,2.94,LONG,EOD_AUTO_EXIT,330min
2025-08-18,SBILIFE,BUY,1896.60,1884.57,17,84.70,1.94,NEUTRAL,STAGE1_0.5R+STAGE2_1R+STOPLOSS,220min
2025-08-19,BAJAJ-AUTO,BUY,8720.00,8600.00,3,322.50,0.20,NEUTRAL,STAGE1_0.5R+STAGE2_1R+STAGE3_EOD,335min
2025-08-20,INDUSINDBK,SELL,783.00,785.22,43,123.70,0.06,NEUTRAL,STAGE1_0.5R+STAGE2_1R+STOPLOSS,205min
2025-08-20,TCS,BUY,3037.40,3026.76,11,243.00,-0.24,LONG,STAGE1_0.5R+STAGE2_1R+STAGE3_2R,105min
2025-08-21,BAJAJ-AUTO,SELL,8749.00,8780.23,3,-93.69,0.16,NEUTRAL,STOPLOSS,15min
2025-08-22,TCS,SELL,3065.90,3079.01,11,154.60,-0.45,NEUTRAL,STAGE1_0.5R+STAGE2_1R+STAGE3_EOD,310min
2025-08-22,BAJFINANCE,BUY,902.75,898.73,37,-148.63,-0.04,NEUTRAL,STOPLOSS,20min
2025-08-25,INFY,BUY,1525.10,1518.74,22,194.72,1.26,LONG,STAGE1_0.5R+STAGE2_1R+STOPLOSS,155min
2025-08-25,COALINDIA,BUY,367.00,366.30,92,122.55,0.18,LONG,STAGE1_0.5R+STAGE2_1R+STAGE3_2R,20min
2025-08-26,INDUSINDBK,SELL,763.95,767.11,44,60.80,-0.15,NEUTRAL,STAGE1_0.5R+STAGE2_1R+STOPLOSS,60min
2025-08-26,SBILIFE,SELL,1828.60,1833.36,18,-85.63,0.07,NEUTRAL,STOPLOSS,10min
2025-09-01,INDUSINDBK,BUY,749.90,745.54,45,-196.31,0.20,LONG,STOPLOSS,50min
2025-09-01,BAJFINANCE,BUY,891.30,885.68,38,-213.75,-0.13,LONG,STOPLOSS,90min
2025-09-02,NESTLEIND,BUY,1186.70,1178.30,28,283.81,-0.09,NEUTRAL,STAGE1_0.5R+STAGE2_1R+STOPLOSS,165min
2025-09-02,BAJAJ-AUTO,BUY,9027.00,8969.97,3,123.00,-0.09,NEUTRAL,STAGE1_0.5R+STAGE2_1R+STOPLOSS,280min
2025-09-03,INDUSINDBK,BUY,760.15,756.21,44,315.05,-0.20,LONG,STAGE1_0.5R+STAGE2_1R+STAGE3_EOD,320min
2025-09-03,APOLLOHOSP,BUY,7724.50,7694.84,4,155.48,0.16,NEUTRAL,STAGE1_0.5R+STAGE2_1R+STOPLOSS,280min
2025-09-05,INDUSINDBK,SELL,753.05,757.25,45,-189.00,0.18,NEUTRAL,STOPLOSS,205min
2025-09-05,TCS,SELL,3082.80,3094.00,11,361.90,0.04,NEUTRAL,STAGE1_0.5R+STAGE2_1R+STAGE3_2R,5min
2025-09-08,TCS,SELL,3025.80,3041.70,11,30.80,0.07,NEUTRAL,EOD_AUTO_EXIT,320min
2025-09-08,BAJAJ-AUTO,BUY,9165.00,9121.97,3,273.00,0.30,NEUTRAL,STAGE1_0.5R+STAGE2_1R+STAGE3_2R,30min
2025-09-10,INFY,BUY,1531.50,1522.70,22,26.40,0.51,LONG,EOD_AUTO_EXIT,300min
2025-09-10,BAJFINANCE,BUY,960.20,953.85,35,281.00,0.37,NEUTRAL,STAGE1_0.5R+STAGE2_1R+STAGE3_EOD,320min
2025-09-12,BAJFINANCE,BUY,977.40,974.25,34,227.80,0.21,NEUTRAL,STAGE1_0.5R+STAGE2_1R+STAGE3_2R,105min
2025-09-12,RELIANCE,BUY,1391.10,1386.97,24,47.00,0.09,NEUTRAL,STAGE1_0.5R+STAGE2_1R+STOPLOSS,205min
2025-09-15,COALINDIA,BUY,387.55,385.90,87,74.10,0.07,LONG,STAGE1_0.5R+STAGE2_1R+STOPLOSS,110min
2025-09-17,NESTLEIND,SELL,1200.30,1204.50,28,-117.52,0.25,NEUTRAL,STOPLOSS,25min
2025-09-17,BAJAJ-AUTO,BUY,9130.00,9103.14,3,-80.59,-0.20,LONG,STOPLOSS,45min
2025-09-18,BAJAJ-AUTO,SELL,9071.00,9094.34,3,76.88,0.19,NEUTRAL,STAGE1_0.5R+STAGE2_1R+STOPLOSS,190min
2025-09-19,APOLLOHOSP,SELL,7818.00,7843.22,4,40.00,0.13,NEUTRAL,EOD_AUTO_EXIT,330min
2025-09-22,BAJAJ-AUTO,BUY,9099.00,9038.68,3,200.60,-0.21,LONG,STAGE1_0.5R+STAGE2_1R+STOPLOSS,180min
2025-09-22,COALINDIA,BUY,385.50,384.65,88,-74.80,-0.12,NEUTRAL,STOPLOSS,135min
2025-09-23,INDUSINDBK,SELL,729.80,733.17,46,-154.85,0.12,NEUTRAL,STOPLOSS,70min
2025-09-23,TCS,SELL,3059.00,3065.19,11,-68.04,-0.18,NEUTRAL,STOPLOSS,135min
2025-09-26,TCS,SELL,2925.50,2934.48,11,167.86,-0.57,NEUTRAL,STAGE1_0.5R+STAGE2_1R+STOPLOSS,200min
2025-09-30,APOLLOHOSP,SELL,7422.50,7444.00,4,-86.00,-0.33,NEUTRAL,STOPLOSS,20min
2025-10-01,TCS,SELL,2877.80,2887.28,11,-104.27,-0.13,NEUTRAL,STOPLOSS,75min
2025-10-01,BAJFINANCE,SELL,981.00,987.00,34,-204.01,-0.75,NEUTRAL,STOPLOSS,25min
2025-10-06,TCS,BUY,2937.00,2920.94,11,219.97,-0.03,LONG,STAGE1_0.5R+STAGE2_1R+STOPLOSS,170min
2025-10-06,INFY,BUY,1455.40,1450.69,23,214.40,0.08,NEUTRAL,STAGE1_0.5R+STAGE2_1R+STAGE3_2R,105min
2025-10-07,RELIANCE,BUY,1384.00,1381.19,24,76.70,0.08,LONG,STAGE1_0.5R+STAGE2_1R+STOPLOSS,45min
2025-10-08,INDUSINDBK,BUY,751.30,748.00,45,-148.50,-0.01,NEUTRAL,STOPLOSS,50min
2025-10-08,TCS,BUY,3034.40,3016.45,11,-197.43,0.00,LONG,STOPLOSS,40min
2025-10-09,INDUSINDBK,BUY,750.05,746.50,45,-159.75,0.38,LONG,STOPLOSS,5min
2025-10-09,BAJAJ-AUTO,SELL,8736.50,8761.21,3,62.00,0.17,NEUTRAL,STAGE1_0.5R+STAGE2_1R+STOPLOSS,50min
2025-10-10,INDUSINDBK,BUY,753.15,749.95,45,299.25,0.01,NEUTRAL,STAGE1_0.5R+STAGE2_1R+STAGE3_2R,95min
2025-10-10,COALINDIA,BUY,376.40,375.25,90,-103.50,0.16,LONG,STOPLOSS,10min
2025-10-13,BAJAJ-AUTO,BUY,9057.50,9018.24,3,70.50,0.04,NEUTRAL,EOD_AUTO_EXIT,345min
2025-10-15,NESTLEIND,BUY,1192.90,1186.22,28,372.80,0.00,LONG,STAGE1_0.5R+STAGE2_1R+STAGE3_2R,75min
2025-10-15,SBILIFE,BUY,1844.60,1837.31,18,160.41,0.06,LONG,STAGE1_0.5R+STAGE2_1R+STOPLOSS,85min
2025-10-16,TCS,SELL,2948.20,2955.68,11,-82.28,-0.00,NEUTRAL,STOPLOSS,20min
2025-10-16,BAJFINANCE,BUY,1077.95,1067.36,31,-328.37,0.13,NEUTRAL,STOPLOSS,85min
2025-10-17,TCS,BUY,2982.00,2968.98,11,-143.25,-0.06,NEUTRAL,STOPLOSS,20min
2025-10-17,APOLLOHOSP,BUY,7889.00,7872.50,4,176.00,0.19,LONG,STAGE1_0.5R+STAGE2_1R+STAGE3_2R,65min
2025-10-20,TCS,BUY,3002.00,2990.29,11,151.84,0.76,NEUTRAL,STAGE1_0.5R+STAGE2_1R+STOPLOSS,210min
2025-10-20,APOLLOHOSP,BUY,8038.00,8010.71,4,-109.14,0.84,NEUTRAL,STOPLOSS,5min
2025-10-27,INDUSINDBK,BUY,761.85,758.64,44,78.85,-0.01,NEUTRAL,STAGE1_0.5R+STAGE2_1R+STOPLOSS,45min
2025-10-27,RELIANCE,BUY,1480.00,1470.92,22,66.00,0.82,NEUTRAL,EOD_AUTO_EXIT,345min
2025-10-28,INDUSINDBK,BUY,786.75,781.53,43,-224.45,0.47,LONG,STOPLOSS,40min
2025-10-28,SBILIFE,BUY,1927.60,1917.80,17,176.22,0.37,NEUTRAL,STAGE1_0.5R+STAGE2_1R+STOPLOSS,140min
2025-10-29,INFY,BUY,1513.90,1504.30,22,-59.40,-0.13,NEUTRAL,EOD_AUTO_EXIT,300min
2025-10-29,RELIANCE,BUY,1503.60,1498.37,22,8.80,0.00,LONG,EOD_AUTO_EXIT,315min
2025-10-30,NESTLEIND,SELL,1268.70,1274.21,26,-143.30,0.24,NEUTRAL,STOPLOSS,10min
2025-10-30,BAJFINANCE,SELL,1060.40,1061.69,32,90.60,-0.08,NEUTRAL,STAGE1_0.5R+STAGE2_1R+STAGE3_2R,35min
2025-10-31,SBILIFE,BUY,1975.50,1971.68,17,-64.99,-0.25,NEUTRAL,STOPLOSS,40min
2025-10-31,BAJFINANCE,BUY,1065.00,1059.54,31,-169.36,-0.05,NEUTRAL,STOPLOSS,60min
2025-11-03,INDUSINDBK,BUY,801.50,793.95,42,-189.00,0.04,NEUTRAL,EOD_AUTO_EXIT,330min
2025-11-04,TCS,SELL,3005.20,3015.16,11,226.80,0.00,NEUTRAL,STAGE1_0.5R+STAGE2_1R+STAGE3_2R,80min
2025-11-04,NESTLEIND,SELL,1256.80,1262.82,27,-162.49,-0.22,NEUTRAL,STOPLOSS,80min
2025-11-06,RELIANCE,BUY,1498.50,1491.33,22,-157.79,0.88,NEUTRAL,STOPLOSS,200min
2025-11-07,APOLLOHOSP,SELL,7692.50,7753.49,4,227.00,0.08,NEUTRAL,STAGE1_0.5R+STAGE2_1R+STAGE3_EOD,295min
2025-11-10,INFY,BUY,1506.40,1497.58,22,239.85,0.82,LONG,STAGE1_0.5R+STAGE2_1R+STOPLOSS,205min
2025-11-11,INDUSINDBK,BUY,817.35,806.47,41,436.65,0.34,NEUTRAL,EOD_AUTO_EXIT,345min
2025-11-12,TCS,BUY,3099.90,3086.17,10,180.09,0.36,LONG,STAGE1_0.5R+STAGE2_1R+STOPLOSS,185min
2025-11-12,INFY,BUY,1550.80,1545.86,21,50.40,0.56,LONG,STAGE1_0.5R+STAGE2_1R+STOPLOSS,80min
2025-11-17,TCS,SELL,3088.80,3095.73,11,-76.24,-0.19,NEUTRAL,STOPLOSS,45min
2025-11-17,BAJFINANCE,BUY,1027.60,1023.85,33,57.40,0.39,NEUTRAL,STAGE1_0.5R+STAGE2_1R+STOPLOSS,270min
2025-11-18,INDUSINDBK,SELL,848.60,851.75,40,-126.05,0.00,NEUTRAL,STOPLOSS,95min
2025-11-18,NESTLEIND,SELL,1256.30,1261.73,27,-146.60,-0.62,NEUTRAL,STOPLOSS,110min
2025-11-19,TCS,BUY,3124.10,3112.14,10,158.34,0.55,NEUTRAL,STAGE1_0.5R+STAGE2_1R+STOPLOSS,70min
2025-11-19,INFY,BUY,1515.30,1506.07,22,464.40,0.25,LONG,STAGE1_0.5R+STAGE2_1R+STAGE3_2R,70min
2025-11-20,RELIANCE,BUY,1539.50,1533.36,22,180.25,0.72,NEUTRAL,STAGE1_0.5R+STAGE2_1R+STOPLOSS,235min
2025-11-24,INDUSINDBK,BUY,856.50,848.56,39,-309.79,0.13,NEUTRAL,STOPLOSS,105min
2025-11-24,BAJAJ-AUTO,BUY,8969.50,8928.96,3,172.82,0.17,NEUTRAL,STAGE1_0.5R+STAGE2_1R+STOPLOSS,110min
2025-11-25,INDUSINDBK,SELL,833.25,836.50,40,58.50,0.13,NEUTRAL,STAGE1_0.5R+STAGE2_1R+STOPLOSS,145min
2025-11-25,BAJAJ-AUTO,BUY,9069.00,9040.12,3,130.22,0.11,NEUTRAL,STAGE1_0.5R+STAGE2_1R+STOPLOSS,225min
2025-11-26,INDUSINDBK,BUY,848.55,845.25,40,261.40,0.28,NEUTRAL,STAGE1_0.5R+STAGE2_1R+STAGE3_2R,55min
2025-11-26,TCS,BUY,3145.10,3132.46,10,166.47,0.07,LONG,STAGE1_0.5R+STAGE2_1R+STOPLOSS,70min
2025-11-27,SBILIFE,SELL,2014.20,2021.76,16,140.80,0.00,NEUTRAL,STAGE1_0.5R+STAGE2_1R+STOPLOSS,275min
2025-11-28,RELIANCE,BUY,1578.00,1571.23,21,-142.18,0.20,NEUTRAL,STOPLOSS,145min
2025-12-02,APOLLOHOSP,SELL,7245.00,7270.11,4,-100.45,0.03,NEUTRAL,STOPLOSS,65min
2025-12-02,BAJAJ-AUTO,SELL,9013.00,9073.28,3,-180.84,0.11,NEUTRAL,STOPLOSS,225min
2025-12-03,TCS,BUY,3180.10,3166.54,10,207.38,0.11,LONG,STAGE1_0.5R+STAGE2_1R+STOPLOSS,110min
2025-12-04,INDUSINDBK,BUY,855.35,850.72,39,389.45,0.17,NEUTRAL,STAGE1_0.5R+STAGE2_1R+STAGE3_2R,40min
2025-12-04,APOLLOHOSP,BUY,7202.00,7182.50,4,47.00,0.06,NEUTRAL,STAGE1_0.5R+STAGE2_1R+STOPLOSS,65min
2025-12-05,BAJFINANCE,BUY,1041.90,1036.00,32,416.20,0.18,LONG,STAGE1_0.5R+STAGE2_1R+STAGE3_2R,70min
2025-12-05,COALINDIA,SELL,377.40,378.20,90,-72.00,0.03,NEUTRAL,STOPLOSS,25min
2025-12-08,INDUSINDBK,SELL,858.85,865.88,39,543.35,0.04,NEUTRAL,STAGE1_0.5R+STAGE2_1R+STAGE3_2R,165min
2025-12-09,BAJAJ-AUTO,SELL,8895.00,8939.59,3,-133.76,-0.50,NEUTRAL,STOPLOSS,20min
2025-12-10,BAJFINANCE,BUY,1019.00,1016.89,33,-69.72,-0.15,NEUTRAL,STOPLOSS,10min
2025-12-10,RELIANCE,BUY,1541.70,1537.90,22,43.20,0.18,NEUTRAL,STAGE1_0.5R+STAGE2_1R+STOPLOSS,45min
2025-12-11,COALINDIA,BUY,384.00,382.47,88,0.00,0.20,NEUTRAL,EOD_AUTO_EXIT,315min
2025-12-12,INDUSINDBK,BUY,850.25,843.30,39,-271.05,0.74,LONG,STOPLOSS,55min
2025-12-12,APOLLOHOSP,BUY,7052.00,7034.93,4,74.00,0.06,NEUTRAL,STAGE1_0.5R+STAGE2_1R+STOPLOSS,85min
2025-12-16,NESTLEIND,BUY,1253.20,1245.89,27,90.20,-0.29,LONG,STAGE1_0.5R+STAGE2_1R+STOPLOSS,20min
2025-12-18,APOLLOHOSP,SELL,6887.00,6902.73,4,-62.90,0.14,NEUTRAL,STOPLOSS,5min
2025-12-18,COALINDIA,BUY,386.45,385.02,87,-123.99,0.00,NEUTRAL,STOPLOSS,30min
2025-12-19,NESTLEIND,BUY,1237.90,1235.90,27,-53.91,0.00,LONG,STOPLOSS,25min
2025-12-19,BAJAJ-AUTO,BUY,8911.50,8886.04,3,88.22,0.05,LONG,STAGE1_0.5R+STAGE2_1R+STOPLOSS,55min
2025-12-22,INDUSINDBK,BUY,851.40,847.65,39,295.20,0.47,NEUTRAL,STAGE1_0.5R+STAGE2_1R+STAGE3_2R,20min
2025-12-22,BAJAJ-AUTO,BUY,9109.50,9071.50,3,82.00,0.11,LONG,STAGE1_0.5R+STAGE2_1R+STOPLOSS,185min
2025-12-24,TCS,BUY,3309.90,3302.70,10,70.62,-0.03,NEUTRAL,STAGE1_0.5R+STAGE2_1R+STOPLOSS,310min
2025-12-24,NESTLEIND,BUY,1257.40,1254.00,27,55.00,-0.20,NEUTRAL,STAGE1_0.5R+STAGE2_1R+STOPLOSS,125min
2025-12-29,INDUSINDBK,BUY,852.60,850.46,39,-83.30,0.21,NEUTRAL,STOPLOSS,20min
2025-12-29,TCS,SELL,3261.00,3271.24,10,123.51,0.09,NEUTRAL,STAGE1_0.5R+STAGE2_1R+STOPLOSS,295min
2025-12-30,RELIANCE,BUY,1552.30,1549.37,21,-61.44,0.01,NEUTRAL,STOPLOSS,25min
2025-12-31,TCS,SELL,3218.50,3230.24,10,126.60,-0.46,NEUTRAL,STAGE1_0.5R+STAGE2_1R+STAGE3_EOD,310min
2025-12-31,NESTLEIND,BUY,1280.70,1273.00,26,256.22,0.20,NEUTRAL,STAGE1_0.5R+STAGE2_1R+STOPLOSS,195min
2026-01-01,INDUSINDBK,BUY,870.85,867.48,39,340.40,-0.01,NEUTRAL,STAGE1_0.5R+STAGE2_1R+STAGE3_2R,20min
2026-01-02,SBILIFE,BUY,2063.20,2056.11,16,54.60,-0.18,LONG,STAGE1_0.5R+STAGE2_1R+STOPLOSS,290min
2026-01-02,COALINDIA,BUY,405.15,403.97,83,227.95,0.26,LONG,STAGE1_0.5R+STAGE2_1R+STAGE3_2R,50min
2026-01-05,NESTLEIND,BUY,1295.90,1291.10,26,242.50,-0.08,LONG,STAGE1_0.5R+STAGE2_1R+STAGE3_2R,95min
2026-01-05,SBILIFE,BUY,2084.90,2069.80,16,-81.60,0.31,NEUTRAL,EOD_AUTO_EXIT,330min
2026-01-06,INDUSINDBK,BUY,909.30,900.01,37,436.45,0.02,NEUTRAL,STAGE1_0.5R+STAGE2_1R+STOPLOSS,230min
2026-01-06,BAJFINANCE,BUY,985.30,981.74,34,-120.93,0.04,LONG,STOPLOSS,25min
2026-01-07,SBILIFE,BUY,2102.90,2092.53,16,-165.98,-0.05,NEUTRAL,STOPLOSS,130min
2026-01-07,BAJAJ-AUTO,BUY,9700.00,9652.65,3,159.14,0.00,NEUTRAL,STAGE1_0.5R+STAGE2_1R+STOPLOSS,150min
2026-01-08,BAJFINANCE,BUY,975.55,972.03,34,-119.74,-0.12,LONG,STOPLOSS,20min
2026-01-08,RELIANCE,SELL,1488.00,1493.68,22,249.60,-0.35,NEUTRAL,STAGE1_0.5R+STAGE2_1R+STAGE3_2R,135min
2026-01-12,INDUSINDBK,BUY,890.50,885.60,38,-186.06,-0.20,LONG,STOPLOSS,75min
2026-01-12,COALINDIA,BUY,423.75,419.27,80,437.05,-0.24,NEUTRAL,STAGE1_0.5R+STAGE2_1R+STOPLOSS,95min
2026-01-14,INDUSINDBK,BUY,930.10,922.17,36,408.88,0.12,NEUTRAL,STAGE1_0.5R+STAGE2_1R+STOPLOSS,85min
2026-01-16,SBILIFE,BUY,2082.10,2069.00,16,94.50,-0.26,LONG,STAGE1_0.5R+STAGE2_1R+STOPLOSS,130min
2026-01-19,INDUSINDBK,SELL,943.70,945.85,36,-77.34,-0.43,NEUTRAL,STOPLOSS,5min
2026-01-20,RELIANCE,SELL,1403.20,1409.78,24,-157.85,-0.18,NEUTRAL,STOPLOSS,45min
2026-01-21,NESTLEIND,SELL,1290.40,1299.59,26,330.76,0.18,NEUTRAL,STAGE1_0.5R+STAGE2_1R+STOPLOSS,245min
2026-01-22,NESTLEIND,BUY,1294.60,1285.25,26,300.56,0.41,NEUTRAL,STAGE1_0.5R+STAGE2_1R+STOPLOSS,270min
2026-01-22,SBILIFE,SELL,2046.30,2055.18,16,286.50,0.29,NEUTRAL,STAGE1_0.5R+STAGE2_1R+STAGE3_2R,35min
2026-01-23,BAJAJ-AUTO,BUY,9460.00,9411.92,3,161.70,0.03,NEUTRAL,STAGE1_0.5R+STAGE2_1R+STOPLOSS,30min
2026-01-28,INFY,SELL,1665.80,1677.10,20,117.90,-0.44,NEUTRAL,STAGE1_0.5R+STAGE2_1R+STOPLOSS,300min
2026-01-28,NESTLEIND,SELL,1286.80,1299.35,26,141.90,-0.67,NEUTRAL,STAGE1_0.5R+STAGE2_1R+STOPLOSS,105min
2026-02-01,RELIANCE,BUY,1404.80,1400.06,24,49.00,-0.07,NEUTRAL,STAGE1_0.5R+STAGE2_1R+STOPLOSS,120min
2026-02-02,COALINDIA,SELL,414.45,417.51,82,-250.93,-0.07,NEUTRAL,STOPLOSS,20min
2026-02-04,INFY,SELL,1550.60,1558.60,21,388.20,-4.88,NEUTRAL,STAGE1_0.5R+STAGE2_1R+STAGE3_2R,75min
2026-02-04,NESTLEIND,BUY,1322.70,1316.66,25,-151.05,0.49,NEUTRAL,STOPLOSS,80min
2026-02-06,BAJAJ-AUTO,SELL,9499.00,9584.50,3,-55.50,-0.41,NEUTRAL,EOD_AUTO_EXIT,350min
2026-02-06,COALINDIA,SELL,428.45,429.33,79,-69.23,-0.47,NEUTRAL,STOPLOSS,60min
2026-02-10,TCS,BUY,2975.20,2964.93,11,264.70,-0.04,NEUTRAL,STAGE1_0.5R+STAGE2_1R+STAGE3_2R,65min
2026-02-10,BAJAJ-AUTO,BUY,9680.50,9658.01,3,146.50,0.33,LONG,STAGE1_0.5R+STAGE2_1R+STAGE3_2R,85min
2026-02-12,BAJFINANCE,BUY,975.10,971.89,34,236.60,-0.01,NEUTRAL,STAGE1_0.5R+STAGE2_1R+STAGE3_2R,50min
2026-02-12,RELIANCE,SELL,1463.60,1465.39,23,-41.13,0.14,NEUTRAL,STOPLOSS,15min
2026-02-13,RELIANCE,SELL,1432.30,1439.71,23,217.50,-0.22,NEUTRAL,STAGE1_0.5R+STAGE2_1R+STOPLOSS,105min
2026-02-16,SBILIFE,BUY,2041.60,2031.07,16,6.40,-0.25,NEUTRAL,EOD_AUTO_EXIT,315min
2026-02-16,COALINDIA,BUY,415.45,412.30,81,252.00,-0.26,LONG,STAGE1_0.5R+STAGE2_1R+STOPLOSS,45min
2026-02-17,INDUSINDBK,BUY,944.25,934.35,36,-28.80,-0.01,NEUTRAL,EOD_AUTO_EXIT,350min
2026-02-17,INFY,BUY,1402.90,1382.60,24,212.00,0.00,LONG,STAGE1_0.5R+STAGE2_1R+STOPLOSS,265min
2026-02-18,INDUSINDBK,SELL,935.00,938.32,36,-119.62,0.06,NEUTRAL,STOPLOSS,30min
2026-02-18,SBILIFE,BUY,2046.60,2040.77,16,-93.23,-0.07,LONG,STOPLOSS,40min
2026-02-19,TCS,BUY,2737.10,2724.17,12,-155.15,0.50,LONG,STOPLOSS,25min
2026-02-19,INFY,BUY,1399.70,1391.25,24,-202.74,0.95,LONG,STOPLOSS,10min
2026-02-20,SBILIFE,BUY,2060.30,2051.25,16,198.23,-0.10,NEUTRAL,STAGE1_0.5R+STAGE2_1R+STOPLOSS,260min
2026-02-20,RELIANCE,BUY,1415.10,1412.89,24,-52.97,0.16,NEUTRAL,STOPLOSS,30min
2026-02-23,INDUSINDBK,SELL,918.70,926.13,37,-48.10,0.15,NEUTRAL,EOD_AUTO_EXIT,315min
2026-02-23,NESTLEIND,BUY,1312.70,1308.58,25,-103.10,0.27,LONG,STOPLOSS,35min
2026-02-24,RELIANCE,SELL,1416.70,1422.15,23,-125.39,0.02,NEUTRAL,STOPLOSS,80min
2026-02-25,INDUSINDBK,BUY,940.45,936.55,36,-140.46,0.21,LONG,STOPLOSS,30min
2026-02-25,INFY,BUY,1317.90,1305.29,25,-315.27,0.45,LONG,STOPLOSS,70min
2026-02-26,INDUSINDBK,BUY,949.85,945.14,35,364.50,0.01,LONG,STAGE1_0.5R+STAGE2_1R+STAGE3_2R,15min
2026-02-26,SBILIFE,BUY,2099.80,2092.90,16,-110.40,0.24,LONG,STOPLOSS,40min
2026-02-27,INDUSINDBK,SELL,952.20,960.53,35,-291.44,0.18,NEUTRAL,STOPLOSS,40min
2026-02-27,NESTLEIND,SELL,1292.40,1300.81,26,10.40,-0.55,NEUTRAL,EOD_AUTO_EXIT,320min
